City_ID,City,Country,Date,Lat,Lng,Max Temp,Humidity,Cloudiness,Wind Speed
0,Rolla,US,2021-09-25 00:08:38,37.9514,-91.7713,71.94,57,1,9.22
1,Samana,DO,2021-09-25 00:08:38,19.2056,-69.3369,79.59,86,88,3.51
2,Mahebourg,MU,2021-09-25 00:05:41,-20.4081,57.7,71.26,81,29,19.89
3,Awjilah,LY,2021-09-25 00:05:38,29.1081,21.2869,71.33,56,0,10.45
4,Albany,US,2021-09-24 23:59:14,42.6001,-73.9662,62.62,79,4,4.36
5,Rikitea,PF,2021-09-25 00:03:38,-23.1203,-134.9692,73.8,80,100,19.82
6,Baykit,RU,2021-09-25 00:04:28,61.67,96.37,32.32,92,100,3.02
7,New Norfolk,AU,2021-09-25 00:03:53,-42.7826,147.0587,47.7,66,12,4.0
8,Jamestown,US,2021-09-25 00:00:40,42.097,-79.2353,57.33,89,6,3.62
9,Ushuaia,AR,2021-09-25 00:03:44,-54.8,-68.3,40.66,93,75,0.0
10,Ribeira Grande,PT,2021-09-25 00:04:07,38.5167,-28.7,71.2,78,100,18.79
11,Hovd,MN,2021-09-25 00:07:05,48.0056,91.6419,36.9,50,64,4.05
12,Sao Filipe,CV,2021-09-25 00:03:45,14.8961,-24.4956,78.44,74,74,7.36
13,Mercedes,AR,2021-09-25 00:08:41,-34.6515,-59.4307,59.18,78,3,8.57
14,Atuona,PF,2021-09-25 00:03:48,-9.8,-139.0333,78.15,78,82,17.2
15,Fort Nelson,CA,2021-09-25 00:08:42,58.8053,-122.7002,64.27,37,83,9.13
16,Kapaa,US,2021-09-25 00:03:39,22.0752,-159.319,84.18,77,90,5.01
17,Klaksvik,FO,2021-09-25 00:06:13,62.2266,-6.589,40.12,68,98,1.3
18,Cape Town,ZA,2021-09-25 00:02:09,-33.9258,18.4232,56.26,88,84,3.2
19,Avarua,CK,2021-09-25 00:03:33,-21.2078,-159.775,77.05,50,90,4.61
20,Ust-Nera,RU,2021-09-25 00:08:43,64.5667,143.2,45.66,56,91,6.06
21,Busselton,AU,2021-09-25 00:03:36,-33.65,115.3333,54.05,69,6,16.75
22,Carnarvon,AU,2021-09-25 00:03:35,-24.8667,113.6333,69.87,68,40,11.5
23,Khatanga,RU,2021-09-25 00:03:49,71.9667,102.5,29.61,90,88,7.29
24,Hermanus,ZA,2021-09-25 00:03:59,-34.4187,19.2345,54.9,84,72,2.64
25,Kuloy,RU,2021-09-25 00:08:44,61.0305,42.4925,42.87,97,91,5.82
26,Lebu,CL,2021-09-25 00:01:27,-37.6167,-73.65,52.2,93,4,4.5
27,Sorland,NO,2021-09-25 00:05:59,67.667,12.6934,49.26,76,100,15.08
28,Bethel,US,2021-09-25 00:04:43,41.3712,-73.414,65.91,86,1,3.44
29,Salalah,OM,2021-09-25 00:06:08,17.0151,54.0924,80.69,83,40,4.61
30,Bartica,GY,2021-09-25 00:08:45,6.4,-58.6167,77.32,95,64,2.86
31,Hobart,AU,2021-09-25 00:03:45,-42.8794,147.3294,48.06,63,20,5.01
32,Panguipulli,CL,2021-09-25 00:08:46,-39.6333,-72.3333,46.11,93,8,0.43
33,Havre-Saint-Pierre,CA,2021-09-25 00:08:46,50.2334,-63.5986,53.96,87,90,10.36
34,Castro,BR,2021-09-25 00:05:05,-24.7911,-50.0119,65.03,66,90,6.96
35,Namie,JP,2021-09-25 00:08:47,37.4833,141.0,70.72,89,97,7.83
36,Serrinha,BR,2021-09-25 00:04:52,-11.6642,-39.0075,67.5,82,68,10.51
37,Menongue,AO,2021-09-25 00:05:07,-14.6585,17.691,63.52,24,2,5.53
38,Husavik,IS,2021-09-25 00:05:45,66.0449,-17.3389,35.13,90,98,4.12
39,Pierre,US,2021-09-25 00:08:48,44.3683,-100.351,70.0,51,1,1.01
40,Yanam,IN,2021-09-25 00:08:48,16.7333,82.2167,76.64,96,100,2.62
41,Victoria,HK,2021-09-25 00:03:38,22.2855,114.1577,86.22,81,35,1.01
42,Leua,SK,2021-09-25 00:08:49,48.2156,18.6071,59.5,83,8,4.05
43,Ponta Do Sol,PT,2021-09-25 00:03:51,32.6667,-17.1,69.71,72,18,0.63
44,Alofi,NU,2021-09-25 00:05:14,-19.0595,-169.9187,77.45,73,71,16.73
45,Skjervoy,NO,2021-09-25 00:08:49,70.0311,20.9714,46.76,85,99,18.66
46,Mar Del Plata,AR,2021-09-24 23:58:53,-38.0023,-57.5575,56.08,59,0,3.0
47,Waddan,LY,2021-09-25 00:05:25,29.1614,16.139,73.13,64,0,9.55
48,Punta Arenas,CL,2021-09-25 00:01:37,-53.15,-70.9167,42.12,81,100,10.29
49,Pyaozerskiy,RU,2021-09-25 00:08:50,65.8333,31.1667,45.18,95,100,5.93
50,Vaini,TO,2021-09-25 00:03:47,-21.2,-175.2,75.36,69,20,14.97
51,Manta,EC,2021-09-25 00:08:51,-0.95,-80.7333,72.66,84,44,10.0
52,Filadelfia,US,2021-09-25 00:08:38,39.9523,-75.1638,66.31,71,1,4.61
53,Bokoro,TD,2021-09-25 00:08:51,12.3807,17.0568,81.12,59,21,8.19
54,Provideniya,RU,2021-09-25 00:03:52,64.3833,-173.3,33.82,88,100,18.01
55,Itaituba,BR,2021-09-25 00:08:52,-4.2761,-55.9836,76.78,79,94,3.18
56,Asosa,ET,2021-09-25 00:08:52,10.0667,34.5333,60.04,94,99,1.88
57,Riyadh,SA,2021-09-25 00:08:53,24.6877,46.7219,80.74,14,11,5.93
58,Mataura,NZ,2021-09-25 00:02:50,-46.1927,168.8643,50.49,74,76,10.4
59,La Ciotat,FR,2021-09-25 00:08:54,43.1748,5.6045,70.81,82,87,6.51
60,Milton,US,2021-09-25 00:08:54,34.1322,-84.3007,69.12,81,0,3.74
61,Yumen,CN,2021-09-25 00:06:07,40.2833,97.2,52.54,51,2,10.29
62,Saint-Leu,RE,2021-09-25 00:08:54,-21.15,55.2833,68.83,77,23,1.97
63,Arraial Do Cabo,BR,2021-09-25 00:04:55,-22.9661,-42.0278,69.3,75,100,25.88
64,Bluff,NZ,2021-09-25 00:03:48,-46.6,168.3333,50.81,90,80,25.08
65,Sechura,PE,2021-09-25 00:08:55,-5.5569,-80.8222,67.37,75,28,16.89
66,Hilo,US,2021-09-25 00:04:00,19.7297,-155.09,85.28,83,90,13.8
67,Butaritari,KI,2021-09-25 00:03:42,3.0707,172.7902,83.77,73,12,11.92
68,Korla,CN,2021-09-25 00:05:23,41.7597,86.1469,60.31,25,33,10.98
69,Pisco,PE,2021-09-25 00:03:50,-13.7,-76.2167,62.02,89,61,4.12
70,Wamba,NG,2021-09-25 00:04:46,8.9333,8.6,70.2,93,55,1.61
71,San Luis,AR,2021-09-25 00:08:57,-33.295,-66.3356,66.78,30,0,10.16
72,Saint-Philippe,RE,2021-09-25 00:04:48,-21.3585,55.7679,69.35,80,33,10.87
73,Saint George,US,2021-09-25 00:02:26,37.1041,-113.5841,95.47,11,1,1.99
74,Waipawa,NZ,2021-09-25 00:04:11,-41.4122,175.5153,56.44,59,44,19.37
75,Atar,MR,2021-09-25 00:08:57,20.5169,-13.0499,91.58,20,17,4.52
76,Longyearbyen,SJ,2021-09-25 00:04:02,78.2186,15.6401,40.84,93,75,3.44
77,Yulara,AU,2021-09-25 00:04:26,-25.2406,130.9889,69.44,26,92,18.01
78,Mahon,ES,2021-09-25 00:08:58,39.8885,4.2658,75.76,94,75,2.3
79,Sept-Iles,CA,2021-09-25 00:00:15,50.2001,-66.3821,54.12,93,90,15.01
80,Coffs Harbour,AU,2021-09-25 00:08:59,-30.3,153.1333,69.76,49,42,1.14
81,Ancud,CL,2021-09-25 00:02:00,-41.8697,-73.8203,52.43,94,71,6.35
82,Wattegama,LK,2021-09-25 00:04:40,6.7989,81.4808,75.29,87,79,5.19
83,Kodiak,US,2021-09-25 00:03:42,57.79,-152.4072,51.31,25,1,13.8
84,Saskylakh,RU,2021-09-25 00:04:36,71.9167,114.0833,29.89,91,100,11.74
85,Capao Da Canoa,BR,2021-09-25 00:09:00,-29.7456,-50.0097,62.87,85,48,1.92
86,Port Elizabeth,ZA,2021-09-25 00:03:52,-33.918,25.5701,53.1,89,49,4.14
87,Stornoway,GB,2021-09-25 00:09:01,58.2093,-6.3865,51.93,87,90,5.75
88,Qaanaaq,GL,2021-09-25 00:04:06,77.484,-69.3632,14.2,68,18,7.85
89,Souillac,MU,2021-09-25 00:04:31,-20.5167,57.5167,71.37,85,24,17.65
90,San Patricio,US,2021-09-25 00:03:53,28.017,-97.5169,83.12,51,17,11.03
91,Barrow,US,2021-09-25 00:04:09,71.2906,-156.7887,30.22,80,90,4.61
92,Akcakoca,TR,2021-09-25 00:09:02,41.0866,31.1162,58.51,62,84,7.56
93,Haileybury,CA,2021-09-25 00:09:03,47.449,-79.6373,46.49,95,80,6.44
94,Port Lincoln,AU,2021-09-25 00:04:38,-34.7333,135.8667,55.56,57,95,12.48
95,Cockburn Town,TC,2021-09-25 00:06:25,21.4612,-71.1419,83.12,73,100,8.95
96,Cabo San Lucas,MX,2021-09-25 00:05:45,22.8909,-109.9124,91.51,71,20,1.99
97,Jacqueville,CI,2021-09-25 00:09:04,5.2052,-4.4146,76.91,89,76,9.42
98,Nouadhibou,MR,2021-09-25 00:09:04,20.931,-17.0347,70.83,86,3,20.0
99,San Cristobal,VE,2021-09-25 00:04:04,7.7669,-72.225,66.33,93,35,3.85
100,Laguna,US,2021-09-25 00:04:37,38.421,-121.4238,99.43,22,1,3.0
101,Ossora,RU,2021-09-25 00:06:58,59.2353,163.0719,48.87,61,7,4.83
102,Sola,VU,2021-09-25 00:06:54,-13.8833,167.55,79.09,79,76,16.73
103,Mana,GF,2021-09-25 00:09:05,5.6592,-53.7767,79.32,90,81,8.79
104,Tuatapere,NZ,2021-09-25 00:03:46,-46.1333,167.6833,50.83,93,86,10.83
105,Dalby,AU,2021-09-25 00:09:06,-27.1833,151.2667,75.97,33,58,5.01
106,Mount Gambier,AU,2021-09-25 00:04:27,-37.8333,140.7667,50.43,58,97,9.08
107,Avera,US,2021-09-25 00:09:07,33.194,-82.5271,68.72,48,0,2.53
108,Zhicheng,CN,2021-09-25 00:09:07,30.2956,111.5047,81.45,70,21,2.35
109,Kita,ML,2021-09-25 00:09:07,13.0349,-9.4895,70.21,92,93,5.84
110,Yellowknife,CA,2021-09-25 00:04:19,62.456,-114.3525,47.41,87,100,5.99
111,Sanary-Sur-Mer,FR,2021-09-25 00:09:08,43.1178,5.8001,70.88,79,90,3.0
112,Geraldton,AU,2021-09-25 00:04:35,-28.7667,114.6,55.81,67,2,6.91
113,Chuy,UY,2021-09-25 00:04:40,-33.6971,-53.4616,54.54,96,1,6.78
114,Nikolskoye,RU,2021-09-25 00:04:08,59.7035,30.7861,46.87,92,100,6.62
115,Yerbogachen,RU,2021-09-25 00:07:01,61.2767,108.0108,39.04,82,100,3.36
116,Chokurdakh,RU,2021-09-25 00:03:50,70.6333,147.9167,32.74,82,100,16.44
117,Caceres,ES,2021-09-25 00:09:09,39.522,-6.3748,61.81,69,34,5.93
118,Aksarka,RU,2021-09-25 00:09:09,66.5606,67.7975,33.35,90,15,3.65
119,Quatre Cocos,MU,2021-09-25 00:04:08,-20.2078,57.7625,71.1,81,31,19.33
120,Ubinskoye,RU,2021-09-25 00:09:10,55.3068,79.6802,36.57,94,97,7.99
121,Sobolevo,RU,2021-09-25 00:04:46,54.4299,31.8996,43.11,98,57,4.76
122,Martinsburg,US,2021-09-25 00:08:36,39.4562,-77.9639,63.09,75,1,0.0
123,Turukhansk,RU,2021-09-25 00:09:11,65.8167,87.9833,28.65,88,14,9.66
124,Faanui,PF,2021-09-25 00:04:57,-16.4833,-151.75,76.62,62,0,1.05
125,Rosetta,EG,2021-09-25 00:09:11,31.4044,30.4164,72.66,60,8,5.21
126,Ruwi,OM,2021-09-25 00:09:12,23.5996,58.5507,85.69,67,86,1.83
127,Porto Belo,BR,2021-09-25 00:06:06,-27.1578,-48.5531,69.17,85,68,2.91
128,Jertih,MY,2021-09-25 00:09:12,5.7336,102.4897,76.48,90,99,3.2
129,Dikson,RU,2021-09-25 00:04:29,73.5069,80.5464,35.8,86,87,15.82
130,Constitucion,CL,2021-09-25 00:03:33,-35.3333,-72.4167,52.68,90,3,4.05
131,Port Alfred,ZA,2021-09-25 00:03:56,-33.5906,26.891,59.43,84,32,5.84
132,Zhigansk,RU,2021-09-25 00:09:14,66.7697,123.3711,34.95,77,100,14.81
133,Erzin,TR,2021-09-25 00:09:14,36.9559,36.2,63.0,38,0,2.33
134,Airai,TL,2021-09-25 00:05:29,-8.9266,125.4092,71.15,46,66,1.95
135,Esna,EG,2021-09-25 00:09:15,25.2934,32.554,80.28,41,0,12.08
136,Danielskuil,ZA,2021-09-25 00:09:15,-28.1887,23.5395,62.04,25,45,1.97
137,Tasiilaq,GL,2021-09-25 00:03:47,65.6145,-37.6368,31.53,88,93,5.93
138,Karratha,AU,2021-09-25 00:09:16,-20.7377,116.8463,74.14,32,7,13.02
139,Asau,RO,2021-09-25 00:05:49,46.4333,26.4,46.76,91,100,5.37
140,Cavalcante,BR,2021-09-25 00:09:17,-13.7975,-47.4583,79.07,40,80,4.47
141,Alice Springs,AU,2021-09-25 00:03:02,-23.7,133.8833,67.55,15,86,0.0
142,Ipixuna,BR,2021-09-25 00:06:25,-1.7625,-48.8043,76.24,92,89,4.83
143,Clyde River,CA,2021-09-25 00:04:15,70.4692,-68.5914,28.96,73,19,4.32
144,Gilgit,PK,2021-09-25 00:09:18,35.9221,74.3087,71.11,50,0,1.99
145,Kyabe,TD,2021-09-25 00:04:45,9.4515,18.9449,71.96,96,80,4.16
146,Naze,JP,2021-09-25 00:09:18,28.3667,129.4833,78.46,78,13,15.03
147,Sisimiut,GL,2021-09-25 00:09:19,66.9395,-53.6735,30.47,71,24,7.58
148,Kavieng,PG,2021-09-25 00:04:05,-2.5744,150.7967,84.79,67,36,10.74
149,Guayaramerin,BO,2021-09-25 00:09:19,-10.8368,-65.3614,88.83,31,87,0.92
150,Iqaluit,CA,2021-09-25 00:00:18,63.7506,-68.5145,27.7,92,4,11.99
151,Fortuna,US,2021-09-25 00:04:31,40.5982,-124.1573,73.9,64,1,1.99
152,Mabay,PH,2021-09-25 00:09:20,6.0577,124.4666,80.65,83,99,4.12
153,Tiarei,PF,2021-09-25 00:09:20,-17.5333,-149.3333,82.42,64,0,6.2
154,Ballina,AU,2021-09-25 00:09:21,-28.8667,153.5667,81.79,37,5,2.24
155,Bambanglipuro,ID,2021-09-25 00:05:58,-7.95,110.2833,78.58,81,37,4.7
156,Bonavista,CA,2021-09-25 00:09:22,48.6499,-53.1147,43.12,75,8,11.1
157,Hami,CN,2021-09-25 00:06:31,42.8,93.45,57.81,28,98,18.95
158,Ilulissat,GL,2021-09-25 00:05:53,69.2167,-51.1,24.82,58,75,2.3
159,Saint-Georges,GD,2021-09-25 00:09:22,12.0564,-61.7485,82.38,75,85,9.01
160,Gorontalo,ID,2021-09-25 00:09:23,0.5412,123.0595,80.69,83,72,0.63
161,Chimbote,PE,2021-09-25 00:09:23,-9.0853,-78.5783,63.18,85,41,8.03
162,Puerto Ayora,EC,2021-09-25 00:04:12,-0.7393,-90.3518,70.0,85,65,8.99
163,Tuktoyaktuk,CA,2021-09-25 00:04:44,69.4541,-133.0374,35.6,100,90,17.27
164,Bredasdorp,ZA,2021-09-25 00:04:31,-34.5322,20.0403,50.9,93,75,4.18
165,Boende,CD,2021-09-25 00:06:00,-0.2167,20.8667,69.39,98,98,1.57
166,Pacifica,US,2021-09-25 00:09:24,37.6138,-122.4869,93.54,81,20,4.0
167,East London,ZA,2021-09-25 00:04:37,-33.0153,27.9116,60.76,76,28,6.2
168,Durban,ZA,2021-09-25 00:07:11,-29.8579,31.0292,64.02,86,91,1.01
169,Ilo,PE,2021-09-25 00:09:25,-17.6394,-71.3375,61.56,77,0,2.62
170,Hasaki,JP,2021-09-25 00:04:23,35.7333,140.8333,72.28,72,100,16.75
171,Comodoro Rivadavia,AR,2021-09-25 00:01:12,-45.8667,-67.5,64.35,45,95,4.38
172,Carutapera,BR,2021-09-25 00:03:44,-1.195,-46.02,78.94,78,77,7.27
173,Shar,KZ,2021-09-25 00:09:26,49.5886,81.0453,32.92,67,57,2.01
174,Piedra Gorda,PR,2021-09-25 00:09:26,18.4341,-66.8877,83.16,82,93,1.99
175,Bara,NG,2021-09-25 00:04:41,10.3744,10.7288,72.66,86,35,5.23
176,Talnakh,RU,2021-09-25 00:04:16,69.4865,88.3972,32.02,71,3,1.34
177,Cayenne,GF,2021-09-25 00:05:22,4.9333,-52.3333,83.08,84,20,1.01
178,Guerrero Negro,MX,2021-09-25 00:05:00,27.9769,-114.0611,74.88,63,100,14.16
179,Vila Franca Do Campo,PT,2021-09-25 00:09:27,37.7167,-25.4333,70.2,79,94,6.2
180,Hofn,IS,2021-09-25 00:04:34,64.2539,-15.2082,39.0,84,100,10.87
181,Mugumu,TZ,2021-09-25 00:09:28,-1.85,34.7,63.55,77,100,4.97
182,Kieta,PG,2021-09-25 00:05:22,-6.2167,155.6333,84.31,69,43,5.08
183,Malko Tarnovo,BG,2021-09-25 00:09:29,41.9833,27.5333,58.98,64,87,4.88
184,Norman Wells,CA,2021-09-25 00:04:14,65.282,-126.8329,38.53,92,100,8.61
185,Hithadhoo,MV,2021-09-25 00:03:32,-0.6,73.0833,82.36,71,100,13.76
186,Kruisfontein,ZA,2021-09-25 00:04:42,-34.0033,24.7314,50.88,90,73,5.01
187,Yarada,IN,2021-09-25 00:09:29,17.65,83.2667,79.12,100,75,2.3
188,Kalaleh,IR,2021-09-25 00:09:30,37.3807,55.4916,71.19,90,4,6.51
189,Touba,CI,2021-09-25 00:09:30,8.2833,-7.6833,70.29,95,50,4.36
190,Berlevag,NO,2021-09-25 00:09:31,70.8578,29.0864,46.24,88,100,9.37
191,Shingu,JP,2021-09-25 00:09:31,33.7333,135.9833,75.9,66,33,6.78
192,Mayumba,GA,2021-09-25 00:09:31,-3.432,10.6554,75.06,90,79,5.97
193,Galle,LK,2021-09-25 00:09:32,6.0367,80.217,78.85,85,100,14.43
194,Yongzhou,CN,2021-09-25 00:09:32,26.4559,111.5988,82.22,66,0,7.18
195,Georgetown,MY,2021-09-25 00:03:39,5.4112,100.3354,81.9,86,20,0.0
196,Vila Velha,BR,2021-09-25 00:04:54,-20.3297,-40.2925,69.75,73,75,5.75
197,Port Macquarie,AU,2021-09-25 00:01:01,-31.4333,152.9167,78.39,33,22,3.56
198,Necochea,AR,2021-09-25 00:09:33,-38.5473,-58.7368,55.04,78,64,11.3
199,Arcachon,FR,2021-09-25 00:09:34,44.5875,-1.0519,64.72,82,0,4.61
200,Esperance,AU,2021-09-25 00:05:24,-33.8667,121.9,53.64,67,56,15.19
201,Hirna,ET,2021-09-25 00:09:34,9.2167,41.1,58.66,90,91,8.08
202,Leesburg,US,2021-09-25 00:09:35,39.1157,-77.5636,65.28,82,1,3.0
203,Bubaque,GW,2021-09-25 00:09:35,11.2833,-15.8333,81.28,77,55,3.4
204,Lazaro Cardenas,MX,2021-09-25 00:05:49,17.9583,-102.2,83.25,80,85,5.5
205,Ust-Uda,RU,2021-09-25 00:09:36,54.1742,103.0304,36.73,92,100,5.7
206,La Crosse,US,2021-09-25 00:07:52,43.8014,-91.2396,55.33,89,1,1.01
207,Estelle,US,2021-09-25 00:04:44,29.8458,-90.1067,77.0,57,20,3.44
208,San Rafael,AR,2021-09-25 00:09:37,-34.6177,-68.3301,70.72,24,0,11.21
209,Mandali,IQ,2021-09-25 00:09:37,33.7499,45.5541,81.72,32,0,7.99
210,Thompson,CA,2021-09-25 00:00:14,55.7435,-97.8558,44.76,87,75,10.36
211,Tsurib,RU,2021-09-25 00:09:37,42.2368,46.8307,44.24,98,100,2.59
212,Roma,US,2021-09-25 00:09:38,43.2128,-75.4557,58.87,91,1,0.0
213,Leningradskiy,RU,2021-09-25 00:05:43,69.3833,178.4167,27.12,79,100,9.64
214,Ciudad Bolivar,VE,2021-09-25 00:09:38,8.1222,-63.5497,78.87,80,79,6.71
215,Ibotirama,BR,2021-09-25 00:09:39,-12.1853,-43.2206,79.84,51,61,2.26
216,Dukat,RU,2021-09-25 00:09:39,62.55,155.55,44.33,51,24,3.33
217,Bengkulu,ID,2021-09-25 00:03:37,-3.8004,102.2655,75.63,91,100,3.78
218,Cidreira,BR,2021-09-25 00:04:52,-30.1811,-50.2056,61.5,85,55,4.97
219,Yandyki,RU,2021-09-25 00:09:40,45.7691,47.1258,52.52,83,39,7.49
220,Zhanaozen,KZ,2021-09-25 00:09:40,43.3,52.8,58.48,80,18,14.5
221,Zhuhai,CN,2021-09-25 00:06:23,22.2769,113.5678,85.96,79,40,8.05
222,Contai,IN,2021-09-25 00:09:41,21.7786,87.7536,77.76,87,100,4.34
223,Bowen,AU,2021-09-25 00:09:41,-20.0167,148.2333,71.98,67,19,7.67
224,Sibolga,ID,2021-09-25 00:09:42,1.7427,98.7792,77.34,87,100,2.86
225,Sabha,LY,2021-09-25 00:09:42,27.0377,14.4283,80.51,36,0,11.23
226,Tatarsk,RU,2021-09-25 00:09:42,55.219,75.9828,41.16,87,100,5.97
227,Tete,MZ,2021-09-25 00:09:43,-16.1564,33.5867,73.09,59,0,6.26
228,Tiksi,RU,2021-09-25 00:05:15,71.6872,128.8694,31.5,84,94,20.8
229,La Playa,PR,2021-09-25 00:09:43,18.2875,-67.1869,85.19,84,34,1.99
230,Barra Do Garcas,BR,2021-09-25 00:09:44,-15.89,-52.2567,85.87,30,53,4.34
231,Coahuayana,MX,2021-09-25 00:05:20,18.7333,-103.6833,83.57,80,98,3.94
232,Great Yarmouth,GB,2021-09-25 00:09:44,52.6083,1.7305,66.45,88,99,5.57
233,Vao,NC,2021-09-25 00:06:15,-22.6667,167.4833,68.49,66,100,13.29
234,Marfino,RU,2021-09-25 00:09:45,55.7028,37.3822,46.65,87,75,4.47
235,Alugan,PH,2021-09-25 00:09:45,12.2188,125.4808,83.93,80,40,6.69
236,Seoul,KR,2021-09-25 00:08:34,37.5683,126.9778,69.28,69,100,3.04
237,Abu Dhabi,AE,2021-09-25 00:09:46,24.4667,54.3667,89.62,74,0,3.44
238,Krasnokamensk,RU,2021-09-25 00:09:46,50.0979,118.0369,50.54,63,28,3.53
239,Mirzapur,IN,2021-09-25 00:09:47,25.15,82.5833,78.62,85,93,3.91
240,Mumford,GH,2021-09-25 00:09:47,5.2618,-0.759,77.04,90,81,10.49
241,Atherton,GB,2021-09-25 00:09:47,53.5237,-2.4935,65.21,89,100,3.0
242,San Felipe,VE,2021-09-25 00:09:48,10.3399,-68.7425,74.16,92,71,3.2
243,Severo-Kurilsk,RU,2021-09-25 00:06:24,50.6789,156.125,47.17,92,100,30.31
244,Nelson Bay,AU,2021-09-25 00:05:50,-32.7167,152.15,77.29,41,0,8.12
245,Mareeba,AU,2021-09-25 00:09:49,-17.0,145.4333,76.48,47,64,3.85
246,West Bay,KY,2021-09-25 00:09:49,19.3667,-81.4167,84.07,79,85,1.01
247,Kavaratti,IN,2021-09-25 00:06:59,10.5669,72.642,81.27,79,97,14.27
248,Athmallik,IN,2021-09-25 00:09:49,20.7219,84.5348,75.42,96,94,2.04
249,Hobyo,SO,2021-09-25 00:04:50,5.3505,48.5268,77.32,87,100,20.49
250,Gafanha Da Encarnacao,PT,2021-09-25 00:09:50,40.6181,-8.733,65.77,73,84,12.1
251,Chengde,CN,2021-09-25 00:09:51,40.9725,117.9361,61.9,94,100,4.29
252,Mandurah,AU,2021-09-25 00:09:51,-32.55,115.7,59.22,65,42,16.89
253,Paamiut,GL,2021-09-25 00:09:51,61.994,-49.6678,31.69,50,0,21.03
254,Rajshahi,BD,2021-09-25 00:09:52,24.3667,88.6,80.17,81,6,0.56
255,Jaciara,BR,2021-09-25 00:09:52,-15.9653,-54.9683,87.69,27,71,1.79
256,Alta Floresta,BR,2021-09-25 00:04:12,-9.8756,-56.0861,81.86,51,62,3.0
257,Lavrentiya,RU,2021-09-25 00:05:55,65.5833,-171.0,32.27,95,100,24.72
258,Satana,IN,2021-09-25 00:08:13,20.5833,74.2,71.29,91,100,5.12
259,Olafsvik,IS,2021-09-25 00:09:53,64.8945,-23.7142,41.0,76,97,16.84
260,Biak,ID,2021-09-25 00:06:19,-0.9131,122.8766,78.44,79,89,7.54
261,Tsumeb,NA,2021-09-25 00:09:54,-19.2333,17.7167,73.63,19,0,8.03
262,Kumano,JP,2021-09-25 00:09:54,34.3442,132.5894,77.9,71,12,7.7
263,Aktanysh,RU,2021-09-25 00:09:55,55.7216,54.0829,47.1,74,100,7.18
264,Lasa,IT,2021-09-25 00:05:07,46.6166,10.7002,51.03,67,0,1.05
265,Vardo,NO,2021-09-25 00:05:23,70.3705,31.1107,45.88,95,100,10.25
266,Shache,CN,2021-09-25 00:09:56,38.4167,77.2406,68.09,16,0,8.21
267,Altamira,BR,2021-09-25 00:05:36,-3.2033,-52.2064,76.23,80,77,3.02
268,Pedro Escobedo,MX,2021-09-25 00:09:56,20.5,-100.1333,73.42,46,75,10.36
269,De-Kastri,RU,2021-09-25 00:09:57,51.4667,140.7833,56.68,58,0,3.65
270,Port-Cartier,CA,2021-09-25 00:09:57,50.0334,-66.8654,53.82,96,99,20.0
271,Chake Chake,TZ,2021-09-25 00:09:57,-5.2459,39.7666,74.25,83,59,8.52
272,Tondano,ID,2021-09-25 00:09:58,1.3038,124.9112,73.49,83,93,3.65
273,General Roca,AR,2021-09-25 00:09:58,-39.0333,-67.5833,77.31,18,2,23.44
274,Pevek,RU,2021-09-25 00:06:12,69.7008,170.3133,28.62,76,100,10.67
275,Obo,CF,2021-09-25 00:09:59,5.3998,26.4869,65.39,99,93,3.6
276,Margate,GB,2021-09-25 00:09:59,51.3813,1.3862,63.03,89,39,1.99
277,Rio Grande,BR,2021-09-25 00:10:00,-32.035,-52.0986,58.95,92,13,11.3
278,Okitipupa,NG,2021-09-25 00:10:00,6.5047,4.7839,74.17,95,88,1.9
279,Ilhabela,BR,2021-09-25 00:10:00,-23.7781,-45.3581,66.83,84,100,8.41
280,Osa,RU,2021-09-25 00:10:01,57.2829,55.4567,46.35,79,100,5.14
281,Hervey Bay,AU,2021-09-25 00:10:01,-25.2986,152.8535,75.31,69,9,8.41
282,Puiesti,RO,2021-09-25 00:10:07,46.4167,27.5,45.28,74,97,7.34
283,Codrington,AU,2021-09-25 00:07:16,-38.2667,141.9667,49.96,64,99,13.02
284,Houma,US,2021-09-25 00:03:59,29.5958,-90.7195,77.0,59,1,8.05
285,Port Hardy,CA,2021-09-25 00:06:12,50.6996,-127.4199,58.33,71,100,6.04
286,Karasburg,NA,2021-09-25 00:10:11,-28.0167,18.75,64.67,14,71,3.89
287,Domoni,KM,2021-09-25 00:10:12,-12.2569,44.5319,73.89,84,3,7.99
288,Mackay,AU,2021-09-25 00:10:12,-21.15,149.2,79.05,63,4,5.21
289,Kaeo,NZ,2021-09-25 00:10:12,-35.1,173.7833,66.33,66,5,8.39
290,Richards Bay,ZA,2021-09-25 00:10:13,-28.783,32.0377,64.53,89,93,2.55
291,Madina,GH,2021-09-25 00:10:13,5.6823,-0.1641,77.7,83,97,7.56
292,Qom,IR,2021-09-25 00:10:14,34.6401,50.8764,78.1,20,0,8.19
293,Pandhurna,IN,2021-09-25 00:10:14,21.6,78.5167,74.71,93,100,1.21
294,Evensk,RU,2021-09-25 00:10:14,61.95,159.2333,46.51,62,34,3.0
295,Makakilo City,US,2021-09-25 00:05:13,21.3469,-158.0858,82.72,65,90,9.22
296,Opuwo,NA,2021-09-25 00:10:15,-18.0607,13.84,67.64,32,0,2.19
297,Faya,SA,2021-09-25 00:10:15,18.3851,42.4509,63.12,59,69,2.91
298,Palmer,US,2021-09-25 00:10:16,42.1584,-72.3287,66.13,81,40,0.0
299,Maxixe,MZ,2021-09-25 00:10:16,-23.8597,35.3472,66.4,75,3,5.01
300,Lorengau,PG,2021-09-25 00:10:17,-2.0226,147.2712,84.42,68,57,10.09
301,Lompoc,US,2021-09-25 00:06:17,34.6391,-120.4579,81.12,75,1,11.5
302,Grand Gaube,MU,2021-09-25 00:03:52,-20.0064,57.6608,71.38,73,17,8.99
303,Abha,SA,2021-09-25 00:04:24,18.2164,42.5053,62.85,63,0,0.0
304,Urumqi,CN,2021-09-25 00:08:03,43.801,87.6005,45.55,61,0,2.24
305,Gondang,ID,2021-09-25 00:10:18,-7.0109,111.3189,78.89,74,27,4.56
306,Sao Joao Da Barra,BR,2021-09-25 00:10:18,-21.6403,-41.0511,70.59,67,99,19.82
307,Afyonkarahisar,TR,2021-09-25 00:10:19,38.75,30.6667,50.38,47,3,3.38
308,Moree,AU,2021-09-25 00:10:19,-29.4667,149.85,72.77,28,46,6.17
309,Senador Jose Porfirio,BR,2021-09-25 00:05:15,-2.5908,-51.9542,79.57,70,75,5.66
310,Bar Harbor,US,2021-09-25 00:10:20,44.3876,-68.2039,70.29,91,90,11.99
311,Gwadar,PK,2021-09-25 00:10:20,25.1216,62.3254,79.56,86,100,9.55
312,Leh,IN,2021-09-25 00:10:21,34.1667,77.5833,51.62,49,36,3.76
313,Cherskiy,RU,2021-09-25 00:05:08,68.75,161.3,33.31,97,100,11.05
314,Saldanha,ZA,2021-09-25 00:04:04,-33.0117,17.9442,55.85,87,92,4.29
315,Lobito,AO,2021-09-25 00:10:22,-12.3481,13.5456,72.52,83,37,6.89
316,Babanka,UA,2021-09-25 00:10:22,48.7097,30.4483,49.86,83,92,14.45
317,Sao Paulo De Olivenca,BR,2021-09-25 00:10:22,-3.3783,-68.8725,73.51,98,86,1.81
318,Bilibino,RU,2021-09-25 00:10:23,68.0546,166.4372,27.5,81,100,4.38
319,Tambura,SS,2021-09-25 00:10:23,5.6,27.4667,66.61,98,98,3.74
320,Svetlyy,RU,2021-09-25 00:10:24,54.675,20.1347,57.25,88,99,20.0
321,Frolovo,RU,2021-09-25 00:10:24,49.7713,43.6622,48.49,81,66,6.8
322,Bathsheba,BB,2021-09-25 00:10:25,13.2167,-59.5167,82.56,76,76,5.48
323,Pedro Ii,BR,2021-09-25 00:10:25,-4.4247,-41.4586,73.87,60,75,3.96
324,Upernavik,GL,2021-09-25 00:03:37,72.7868,-56.1549,22.12,86,61,6.11
325,Luderitz,NA,2021-09-25 00:06:22,-26.6481,15.1594,58.71,70,19,11.56
326,Voi,KE,2021-09-25 00:10:26,-3.3945,38.563,67.03,87,50,8.1
327,Sitka,US,2021-09-25 00:07:08,57.0531,-135.33,53.49,71,90,24.16
328,Andenes,NO,2021-09-25 00:10:26,69.3143,16.1194,44.08,81,98,5.75
329,Contamana,PE,2021-09-25 00:10:27,-7.3333,-75.0167,72.27,89,91,3.33
330,Chicama,PE,2021-09-25 00:05:08,-7.8447,-79.1469,65.98,79,26,6.06
331,Palenque,MX,2021-09-25 00:10:27,17.5167,-91.9667,77.04,87,90,4.12
332,Oxilithos,GR,2021-09-25 00:10:28,38.5833,24.1167,66.58,46,13,2.62
333,Lagoa,PT,2021-09-25 00:03:52,39.05,-27.9833,70.41,75,100,18.54
334,Ko Samui,TH,2021-09-25 00:10:29,9.5357,99.9357,80.96,77,100,11.86
335,Port Keats,AU,2021-09-25 00:10:29,-14.25,129.55,84.09,45,29,3.62
336,Tromso,NO,2021-09-25 00:10:29,69.6496,18.957,43.45,81,40,1.14
337,Gimli,CA,2021-09-25 00:05:11,50.6336,-96.9907,57.06,60,96,12.86
338,Antofagasta,CL,2021-09-25 00:10:30,-23.65,-70.4,58.28,78,0,3.91
339,Mount Isa,AU,2021-09-25 00:10:30,-20.7333,139.5,83.97,13,3,6.91
340,Ous,RU,2021-09-25 00:10:31,60.9058,61.5186,37.15,96,22,2.8
341,Champua,IN,2021-09-25 00:10:31,22.0833,85.6667,73.54,92,33,1.05
342,Torbay,CA,2021-09-25 00:03:19,47.6666,-52.7314,48.38,85,10,3.0
343,Ariquemes,BR,2021-09-25 00:10:32,-9.9133,-63.0408,82.13,62,47,6.91
344,Saint-Augustin,CA,2021-09-25 00:04:07,51.226,-58.6502,47.48,68,48,5.93
345,Namatanai,PG,2021-09-25 00:05:51,-3.6667,152.4333,85.15,64,56,5.86
346,Kununurra,AU,2021-09-25 00:10:32,-15.7667,128.7333,73.38,43,40,4.61
347,Huancabamba,PE,2021-09-25 00:10:33,-5.2386,-79.4506,61.18,84,94,4.29
348,Nueva Italia,PY,2021-09-25 00:10:33,-25.6167,-57.5,70.83,58,0,6.38
349,Paita,PE,2021-09-25 00:10:33,-5.0892,-81.1144,64.87,86,38,15.17
350,Ketchikan,US,2021-09-25 00:04:43,55.3422,-131.6461,55.87,88,75,5.75
351,Bako,ET,2021-09-25 00:10:34,5.7833,36.5667,63.63,84,100,4.14
352,Alghero,IT,2021-09-25 00:10:34,40.5589,8.3181,76.98,83,86,6.91
353,Bahir Dar,ET,2021-09-25 00:10:35,11.5936,37.3908,58.46,91,92,4.59
354,Barbacoas,CO,2021-09-25 00:10:35,1.6715,-78.1398,75.51,94,87,2.17
355,Gazanjyk,TM,2021-09-25 00:10:36,39.2446,55.5154,69.57,65,0,6.06
356,Sao Joao Do Piaui,BR,2021-09-25 00:10:36,-8.3581,-42.2467,83.37,48,10,7.7
357,The Valley,AI,2021-09-25 00:04:21,18.217,-63.0578,83.82,74,79,8.19
358,Saint-Louis,SN,2021-09-25 00:06:46,16.3333,-15.0,85.95,47,77,10.8
359,Ahipara,NZ,2021-09-25 00:10:37,-35.1667,173.1667,60.66,67,8,8.21
360,Tutoia,BR,2021-09-25 00:10:37,-2.7619,-42.2744,80.38,79,81,11.95
361,Nanortalik,GL,2021-09-25 00:10:38,60.1432,-45.2371,36.01,63,26,6.22
362,Ugoofaaru,MV,2021-09-25 00:10:38,5.6667,73.0,81.77,72,92,14.03
363,Malakal,SS,2021-09-25 00:04:17,9.5334,31.6605,70.84,92,93,4.21
364,Adrar,MR,2021-09-25 00:04:37,20.5022,-10.0711,90.07,19,34,7.67
365,Price,US,2021-09-25 00:02:13,39.5994,-110.8107,80.11,18,5,6.44
366,Paldit,PH,2021-09-25 00:10:39,16.1667,120.5333,81.01,72,22,2.8
367,Ozernovskiy,RU,2021-09-25 00:10:40,51.5,156.5167,50.45,80,100,18.66
368,Half Moon Bay,US,2021-09-25 00:10:40,37.4636,-122.4286,93.11,71,90,1.01
369,Punta De Bombon,PE,2021-09-25 00:10:41,-17.1717,-71.7931,61.79,78,2,5.28
370,Buala,SB,2021-09-25 00:06:36,-8.145,159.5921,84.94,69,82,8.77
371,Kaitangata,NZ,2021-09-25 00:04:20,-46.2817,169.8464,56.7,70,44,9.78
372,Rocha,UY,2021-09-25 00:04:18,-34.4833,-54.3333,52.79,98,55,3.27
373,Chokwe,MZ,2021-09-25 00:10:42,-24.5333,32.9833,65.05,66,21,5.84
374,Shelburne,CA,2021-09-25 00:10:42,44.0787,-80.2041,52.12,81,76,7.05
375,Acarau,BR,2021-09-25 00:00:07,-2.8856,-40.12,79.25,82,81,16.58
376,Puerto Carreno,CO,2021-09-25 00:06:09,6.189,-67.4859,74.34,93,100,1.79
377,Namwala,ZM,2021-09-25 00:10:43,-15.7504,26.4384,68.68,44,0,3.76
378,Tres Arroyos,AR,2021-09-25 00:10:43,-38.3739,-60.2798,54.59,83,0,9.35
379,Kanigoro,ID,2021-09-25 00:10:44,-8.13,112.219,76.5,82,41,1.86
380,Champoton,MX,2021-09-25 00:10:44,19.35,-90.7167,80.74,75,95,7.52
381,Miyoshi,JP,2021-09-25 00:10:44,35.0833,137.0667,78.85,64,13,3.4
382,Bambous Virieux,MU,2021-09-25 00:04:34,-20.3428,57.7575,71.22,81,32,19.84
383,Santa Maria,BR,2021-09-25 00:05:23,-29.6842,-53.8069,58.44,80,89,3.53
384,Aviemore,GB,2021-09-25 00:10:45,57.1955,-3.8259,51.64,97,85,5.03
385,Chifeng,CN,2021-09-25 00:07:41,42.2683,118.9636,61.74,90,100,4.16
386,Wenling,CN,2021-09-25 00:10:46,28.3669,121.36,77.92,81,10,3.71
387,Lahat,ID,2021-09-25 00:10:46,-3.8,103.5333,75.88,83,60,0.94
388,Ambilobe,MG,2021-09-25 00:04:34,-13.2,49.05,69.08,77,1,2.91
389,Bamiantong,CN,2021-09-25 00:10:47,44.9333,130.5333,56.64,74,99,3.98
390,Huicungo,PE,2021-09-25 00:10:47,-7.2833,-76.8,70.72,92,98,1.54
391,Ostrovnoy,RU,2021-09-25 00:03:48,68.0531,39.5131,47.71,90,100,18.14
392,Hays,US,2021-09-25 00:10:48,30.0502,-98.0336,83.28,36,27,3.0
393,Rozhyshche,UA,2021-09-25 00:10:48,50.9154,25.2691,49.12,88,99,13.02
394,Brae,GB,2021-09-25 00:04:55,60.3964,-1.353,51.71,75,95,9.8
395,Thinadhoo,MV,2021-09-25 00:10:49,0.5333,72.9333,81.75,72,100,10.78
396,Ewa Beach,US,2021-09-25 00:10:49,21.3156,-158.0072,84.15,62,40,11.01
397,Pumiao,CN,2021-09-25 00:10:50,22.75,108.4833,77.76,89,97,2.91
398,Beidao,CN,2021-09-25 00:10:50,34.5686,105.8933,64.04,92,97,2.89
399,Auki,SB,2021-09-25 00:06:18,-8.7676,160.7034,85.51,66,35,3.74
400,Toora-Khem,RU,2021-09-25 00:10:50,52.4675,96.11,25.7,95,64,3.2
401,Linguere,SN,2021-09-25 00:10:51,15.3953,-15.1193,80.26,64,46,7.38
402,Alta,NO,2021-09-25 00:10:51,69.9689,23.2717,45.66,80,75,11.5
403,Aden,YE,2021-09-25 00:10:52,12.7794,45.0367,85.87,77,93,9.44
404,West Fargo,US,2021-09-25 00:10:52,46.875,-96.9004,61.02,32,1,4.0
405,Dwarka,IN,2021-09-25 00:10:53,22.2394,68.9678,80.73,86,8,10.0
406,Riverton,US,2021-09-25 00:10:54,40.5219,-111.9391,82.9,31,1,3.0
407,Balkanabat,TM,2021-09-25 00:10:54,39.5108,54.3671,75.56,50,0,5.73
408,North Bend,US,2021-09-25 00:05:14,43.4065,-124.2243,92.95,84,1,11.5
409,Teguldet,RU,2021-09-25 00:06:28,57.3064,88.1667,34.61,98,100,7.58
410,Pau Brasil,BR,2021-09-25 00:10:55,-15.4642,-39.6511,62.24,86,27,2.04
411,Garowe,SO,2021-09-25 00:10:55,8.4054,48.4845,76.01,67,97,11.68
412,Dicamay,PH,2021-09-25 00:10:56,16.7561,122.0037,79.41,80,76,2.26
413,Zhigalovo,RU,2021-09-25 00:10:56,54.8097,105.1578,40.78,96,100,3.58
414,Atbasar,KZ,2021-09-25 00:10:56,51.8,68.3333,38.26,59,14,4.23
415,San Policarpo,PH,2021-09-25 00:03:47,12.1791,125.5072,84.0,79,45,7.02
416,Portland,US,2021-09-25 00:10:57,45.5234,-122.6762,90.46,29,20,1.01
417,Quesnel,CA,2021-09-25 00:10:57,52.9999,-122.5029,68.31,52,100,2.24
418,Jambi,ID,2021-09-25 00:10:58,-1.6,103.6167,75.13,96,81,1.79
419,Muros,ES,2021-09-25 00:10:58,42.7762,-9.0603,66.24,92,88,5.08
420,Kamenka,RU,2021-09-25 00:07:09,51.3223,42.7678,48.11,77,99,7.38
421,Aykhal,RU,2021-09-25 00:10:59,66.0,111.5,35.6,77,14,2.8
422,Katsuura,JP,2021-09-25 00:04:25,35.1333,140.3,76.19,76,100,16.78
423,Isla Vista,US,2021-09-25 00:11:00,34.4133,-119.861,82.67,62,75,5.75
424,Urucara,BR,2021-09-25 00:11:00,-2.5364,-57.76,80.62,67,100,4.18
425,Dovers,VC,2021-09-25 00:11:00,12.8833,-61.1833,83.77,72,58,8.77
426,Nalut,LY,2021-09-25 00:11:01,30.3333,10.85,82.13,24,4,8.57
427,Puerto Escondido,MX,2021-09-25 00:03:43,15.85,-97.0667,81.43,65,75,3.44
428,Oranjestad,AW,2021-09-25 00:11:01,12.524,-70.027,84.9,81,20,10.0
429,Aklavik,CA,2021-09-25 00:06:52,68.2191,-135.0107,34.52,98,100,16.82
430,Cordoba,AR,2021-09-25 00:07:18,-31.4135,-64.1811,68.23,44,0,1.99
431,Okhotsk,RU,2021-09-25 00:11:02,59.3833,143.3,53.51,60,35,2.42
432,Tilichiki,RU,2021-09-25 00:11:03,60.4667,166.1,42.55,44,42,6.73
433,Oum Hadjer,TD,2021-09-25 00:11:03,13.2954,19.6966,82.31,61,61,7.29
434,Touros,BR,2021-09-25 00:11:03,-5.1989,-35.4608,78.33,81,17,16.82
435,Vestmanna,FO,2021-09-25 00:11:04,62.1564,-7.1664,38.32,93,75,1.14
436,Ormara,PK,2021-09-25 00:11:04,25.2088,64.6357,81.41,81,60,11.61
437,Namibe,AO,2021-09-25 00:07:12,-15.1961,12.1522,65.46,91,69,4.5
438,Haines Junction,CA,2021-09-25 00:05:18,60.7522,-137.5108,40.71,89,13,7.99
439,Biaora,IN,2021-09-25 00:11:05,23.8667,76.9167,75.76,89,99,4.79
440,Molaoi,GR,2021-09-25 00:11:05,36.8076,22.8513,63.34,69,1,4.99
441,Jumla,NP,2021-09-25 00:11:06,29.2747,82.1838,58.75,94,90,3.0
442,Marsh Harbour,BS,2021-09-25 00:05:26,26.5412,-77.0636,83.23,69,58,4.32
443,Axim,GH,2021-09-25 00:06:35,4.8699,-2.2405,76.89,91,75,6.6
444,Bone,DE,2021-09-25 00:11:06,51.9669,12.1396,63.72,86,84,8.46
445,Vestmannaeyjar,IS,2021-09-25 00:07:10,63.4427,-20.2734,43.02,78,100,9.51
446,Pavino,RU,2021-09-25 00:11:07,59.1139,46.1414,45.23,98,100,5.37
447,Hualmay,PE,2021-09-25 00:06:18,-11.0964,-77.6139,63.63,82,26,8.23
448,Warri,NG,2021-09-25 00:11:08,5.5167,5.75,74.28,95,97,2.24
449,Lata,PT,2021-09-25 00:11:08,40.1629,-8.3327,63.81,91,69,4.29
450,Juneau,US,2021-09-25 00:11:09,58.3019,-134.4197,51.8,77,90,1.99
451,Viedma,AR,2021-09-25 00:11:09,-40.8135,-62.9967,62.15,54,0,13.76
452,Mehamn,NO,2021-09-25 00:11:10,71.0357,27.8492,45.28,89,97,11.43
453,Tabory,RU,2021-09-25 00:11:10,58.5198,64.5495,37.74,90,26,2.13
454,Beringovskiy,RU,2021-09-25 00:06:54,63.05,179.3167,32.77,95,100,26.08
455,Belyy Yar,RU,2021-09-25 00:11:10,53.6039,91.3903,37.29,87,0,4.47
456,Akhtubinsk,RU,2021-09-25 00:11:11,48.2795,46.1722,48.34,77,15,4.59
457,Naruja,GE,2021-09-25 00:11:11,41.9069,41.9542,53.92,85,83,4.0
458,Pareora,NZ,2021-09-25 00:11:12,-44.4871,171.2132,62.71,55,0,30.38
459,Beloha,MG,2021-09-25 00:11:12,-25.1667,45.05,71.04,56,0,6.91
460,Vallenar,CL,2021-09-25 00:11:12,-28.5708,-70.7581,60.78,62,0,2.86
461,Tharad,IN,2021-09-25 00:08:10,24.3961,71.6267,81.77,81,34,4.27
462,Polewali,ID,2021-09-25 00:11:13,-3.4324,119.3435,76.91,90,100,1.14
463,Snezhnogorsk,RU,2021-09-25 00:11:13,69.1933,33.2531,44.38,93,100,8.16
464,Baghdad,IQ,2021-09-25 00:09:18,33.3406,44.4009,73.31,43,0,6.91
465,Hun,LY,2021-09-25 00:11:14,29.1268,15.9477,74.01,61,0,8.23
466,Shimoda,JP,2021-09-25 00:06:43,34.6667,138.95,78.91,79,90,15.59
467,Tekeli,KZ,2021-09-25 00:11:15,44.83,78.8239,41.11,8,0,7.7
468,Clyde,US,2021-09-25 00:11:15,41.3042,-82.9752,66.54,75,14,9.06
469,Havoysund,NO,2021-09-25 00:04:11,70.9963,24.6622,47.28,85,59,13.18
470,Sassandra,CI,2021-09-25 00:11:16,4.95,-6.0833,75.54,94,54,6.13
471,Praia Da Vitoria,PT,2021-09-25 00:04:51,38.7333,-27.0667,71.76,82,98,12.84
472,Nhulunbuy,AU,2021-09-25 00:01:20,-12.2333,136.7667,84.81,54,75,11.5
473,Maningrida,AU,2021-09-25 00:11:16,-12.0667,134.2667,82.2,51,56,8.3
474,Coihaique,CL,2021-09-25 00:05:32,-45.5752,-72.0662,57.15,54,90,4.61
475,Constantine,DZ,2021-09-25 00:00:27,36.365,6.6147,80.2,29,16,5.26
476,Jining,CN,2021-09-25 00:11:17,35.405,116.5814,66.99,1,100,20.49
477,Ankazoabo,MG,2021-09-25 00:11:17,-22.2833,44.5167,66.52,65,7,5.06
478,Harper,LR,2021-09-25 00:09:16,4.375,-7.7169,77.83,88,44,7.54
479,Severobaykalsk,RU,2021-09-25 00:11:18,55.65,109.3167,43.81,74,99,6.06
480,Osypenko,UA,2021-09-25 00:11:18,46.9136,36.8253,50.85,92,69,8.72
481,George Town,MY,2021-09-25 00:08:49,5.4112,100.3354,81.9,86,20,0.0
482,Eyrarbakki,IS,2021-09-25 00:11:19,63.863,-21.1481,39.2,94,94,10.38
483,Baherden,TM,2021-09-25 00:11:19,38.4362,57.4316,80.6,17,0,4.59
484,Verkhnyaya Inta,RU,2021-09-25 00:11:20,65.9811,60.3094,35.44,68,49,6.33
485,Port Blair,IN,2021-09-25 00:11:20,11.6667,92.75,80.64,84,96,12.59
486,Moose Factory,CA,2021-09-25 00:11:21,51.2585,-80.6094,49.98,93,90,6.91
487,Rovaniemi,FI,2021-09-25 00:10:22,66.5,25.7167,44.01,93,40,9.22
488,Cabadiangan,PH,2021-09-25 00:11:22,9.7531,122.4739,82.58,79,43,3.6
489,Isangel,VU,2021-09-25 00:06:11,-19.55,169.2667,75.22,67,99,10.92
490,Broome,US,2021-09-25 00:03:34,42.2506,-75.833,59.67,70,1,3.0
491,Kushmurun,KZ,2021-09-25 00:11:22,52.4503,64.6311,41.83,54,36,7.49
492,Aripuana,BR,2021-09-25 00:11:23,-9.1667,-60.6333,75.04,85,91,1.28
493,Fairlie,GB,2021-09-25 00:11:23,55.756,-4.8556,58.91,96,100,5.79
494,Koumac,NC,2021-09-25 00:11:23,-20.5667,164.2833,75.25,58,48,6.06
495,Sinegorye,RU,2021-09-25 00:11:24,62.0788,150.477,43.47,69,8,2.77
496,Punta Alta,AR,2021-09-25 00:11:24,-38.8759,-62.0736,59.88,71,0,13.13
497,Nikolsk,RU,2021-09-25 00:05:19,53.7189,46.0712,46.31,95,100,3.67
498,Tall Kayf,TR,2021-09-25 00:11:25,37.0833,41.0667,64.49,48,14,6.78
499,Maniitsoq,GL,2021-09-25 00:06:29,65.4167,-52.9,33.12,56,5,4.68
500,Wajima,JP,2021-09-25 00:11:25,37.4,136.9,69.15,65,2,13.98
501,Xiazhen,CN,2021-09-25 00:11:26,34.8022,117.1117,66.04,89,100,22.75
502,Joshimath,IN,2021-09-25 00:11:26,30.5667,79.5667,65.32,83,83,2.15
503,Wagar,SD,2021-09-25 00:11:26,16.1525,36.2032,86.32,51,83,10.51
504,Coxim,BR,2021-09-25 00:11:27,-18.5067,-54.76,89.67,22,20,3.13
505,Lang Son,VN,2021-09-25 00:11:27,21.8333,106.7333,74.35,92,80,2.15
506,Gunnedah,AU,2021-09-25 00:11:28,-30.9833,150.25,73.02,39,12,3.0
507,Sabang,ID,2021-09-25 00:07:06,5.8933,95.3214,82.08,77,77,14.79
508,Venado Tuerto,AR,2021-09-25 00:11:28,-33.7456,-61.9688,58.78,64,0,8.48
509,Samarai,PG,2021-09-25 00:05:31,-10.6167,150.6667,80.67,80,59,8.66
510,Pangnirtung,CA,2021-09-25 00:05:30,66.1451,-65.7125,32.29,55,5,3.62
511,Port-Gentil,GA,2021-09-25 00:03:40,-0.7193,8.7815,77.11,87,72,8.63
512,Duluth,US,2021-09-25 00:08:08,46.7833,-92.1066,57.07,61,20,1.01
513,Nishihara,JP,2021-09-25 00:06:17,26.1842,127.7558,83.86,82,40,11.5
514,Hambantota,LK,2021-09-25 00:11:29,6.1241,81.1185,79.27,81,82,17.58
515,Dunyapur,PK,2021-09-25 00:11:30,29.7995,71.7196,82.42,71,0,5.53
516,Zhangye,CN,2021-09-25 00:11:30,38.9342,100.4517,65.14,31,31,14.03
517,Xinyu,CN,2021-09-25 00:11:31,27.8043,114.9334,82.69,69,11,0.65
518,Johor Bahru,MY,2021-09-25 00:11:31,1.4655,103.7578,84.15,83,40,1.14
519,Perkata,HU,2021-09-25 00:11:31,47.047,18.7873,61.7,80,8,5.95
520,Novaya Igirma,RU,2021-09-25 00:11:32,57.1334,103.9112,36.07,91,99,2.33
521,Ondangwa,NA,2021-09-25 00:11:32,-17.9167,15.95,73.58,16,0,10.85
522,Karakol,KG,2021-09-25 00:11:33,42.4907,78.3936,48.33,25,0,4.92
523,Byron Bay,AU,2021-09-25 00:01:28,-28.65,153.6167,83.05,39,6,2.75
524,Port Moresby,PG,2021-09-25 00:00:43,-9.4431,147.1797,82.35,73,94,3.42
525,Presidencia Roque Saenz Pena,AR,2021-09-25 00:11:34,-26.7852,-60.4388,65.08,51,0,6.02
526,Umm Lajj,SA,2021-09-25 00:04:05,25.0213,37.2685,82.58,60,26,12.01
527,Sakhnovshchyna,UA,2021-09-25 00:11:34,49.1517,35.872,47.37,95,98,6.69
528,Kurdzhinovo,RU,2021-09-25 00:11:34,43.9884,40.9552,43.86,84,73,5.55
529,Mogadishu,SO,2021-09-25 00:11:35,2.0371,45.3438,77.31,85,92,17.81
530,Sarankhola,BD,2021-09-25 00:11:35,22.3082,89.7897,77.74,93,67,3.22
531,Hamilton,US,2021-09-25 00:00:35,39.1834,-84.5333,66.83,66,0,4.32
532,Maceio,BR,2021-09-25 00:08:27,-9.6658,-35.7353,75.83,84,46,12.12
533,Hay River,CA,2021-09-25 00:06:13,60.8156,-115.7999,53.8,66,66,6.93
534,Kuminskiy,RU,2021-09-25 00:11:36,58.6667,66.5667,37.33,92,8,0.78
535,Guajara,BR,2021-09-25 00:11:37,-2.9667,-57.6667,75.06,91,100,4.5
536,Mvangue,CM,2021-09-25 00:11:37,2.9667,11.5167,66.58,99,99,3.51
537,Bagdarin,RU,2021-09-25 00:11:37,54.4333,113.6,38.91,99,100,2.44
538,Luang Prabang,LA,2021-09-25 00:11:38,19.8856,102.1347,72.63,97,100,2.24
539,Lalmohan,BD,2021-09-25 00:11:38,22.3384,90.7419,81.99,81,54,6.78
540,Waingapu,ID,2021-09-25 00:11:39,-9.6567,120.2641,80.4,65,71,9.55
541,Khandyga,RU,2021-09-25 00:06:07,62.6667,135.6,43.25,82,99,5.79
542,Svetlogorsk,BY,2021-09-25 00:11:39,52.6333,29.7333,44.28,97,69,7.36
543,Pontes E Lacerda,BR,2021-09-25 00:11:40,-15.2261,-59.3353,88.68,27,14,3.76
544,Praia,CV,2021-09-25 00:11:40,14.9215,-23.5087,78.19,75,68,11.9
545,North Adams,US,2021-09-25 00:11:40,42.7009,-73.1087,61.75,70,90,3.44
546,Itoman,JP,2021-09-25 00:11:41,26.1247,127.6694,84.58,79,20,12.66
547,Talaya,RU,2021-09-25 00:11:41,61.3833,152.75,43.86,57,6,5.01
548,Saint Anthony,US,2021-09-25 00:05:34,45.0205,-93.218,60.91,65,1,3.0
549,Pryozerne,UA,2021-09-25 00:11:42,45.2698,36.3303,57.24,81,100,14.72
550,Ust-Ilimsk,RU,2021-09-25 00:11:42,58.0006,102.6619,31.86,86,58,1.21
